Workbook

Sheet Raw Data
A1: shop | B1: ProductID | C1: category | D1: name | E1: price
A2: Brickmo | B2: 60312 | C2: Lego City | D2: LEGO City 60312 Police Car 60312 | E2: 8.26
A3: Brickmo | B3: 60480 | C3: Lego City | D3: LEGO City 60480 Yellow Backhoe Loader 60480 | E3: 22.17
A4: Brickmo | B4: 60502 | C4: Lego City | D4: LEGO City 60502 Airport with Airplane 60502 | E4: 80.55
A5: Brickmo | B5: 60373 | C5: Lego City | D5: LEGO City 60373 Fire Rescue Boat 60373 | E5: 15.49
A6: Brickmo | B6: 60454 | C6: Lego City | D6: LEGO City Fahrzeuge 60454 Holiday Adventure... | E6: 22.68
A7: Brickmo | B7: 60430 | C7: Lego City | D7: LEGO City 60430 Interstellar Spaceship 60430 | E7: 14.97
A8: Brickmo | B8: 60484 | C8: Lego City | D8: LEGO City 60484 Rides – Gaming Race Car 60484 | E8: 7.49
A9: Brickmo | B9: 60419 | C9: Lego City | D9: LEGO City 60419 Police Prison Island 60419 | E9: 78.48
A10: Brickmo | B10: 60414 | C10: Lego City | D10: LEGO City 60414 Fire Station with Fire Truck 60414 | E10: 61.95
A11: Brickmo | B11: 60483 | C11: Lego City | D11: LEGO City 60483 Rides – Construction Loader 60483 | E11: 7.49
A12: Brickmo | B12: 60479 | C12: Lego City | D12: LEGO City 60479 Police Prisoner Transport Van... | E12: 16.01
A13: Brickmo | B13: 60465 | C13: Lego City | D13: LEGO City 60465 Emergency Air Ambulance... | E13: 40.25
... A307: JB Spielwaren | B307: 60491 | C307: Lego City | D307: LEGO 60491 Motorcycle Transporter | E307: 16.99

Sheet PriceComparison
A1: ProductID | B1: Product Name | C1: Category | D1: Lowest Price (€) | E1: Lowest Price Shop | F1: Highest Price (€) | G1: Highest Price Shop | H1: Price Difference (€) | I1: # Shops Offering
A2: 10305 | B2: =INDEX('Raw Data'!$D$2:$D$307,MATCH(A2,'Raw Data'!$B$2:$B$307,0)) | C2: =INDEX('Raw Data'!$C$2:$C$307,MATCH(A2,'Raw Data'!$B$2:$B$307,0)) | D2: =_xlfn.MINIFS('Raw Data'!$E$2:$E$307,'Raw Data'!$B$2:$B$307,A2) | E2: =INDEX('Raw Data'!$A$2:$A$307,MATCH(1,INDEX(('Raw Data'!$B$2:$B$307=A2)*('Raw Data'!$E$2:$E$307=D2),0),0)) | F2: =_xlfn.MAXIFS('Raw Data'!$E$2:$E$307,'Raw Data'!$B$2:$B$307,A2) | G2: =INDEX('Raw Data'!$A$2:$A$307,MATCH(1,INDEX(('Raw Data'!$B$2:$B$307=A2)*('Raw Data'!$E$2:$E$307=F2),0),0)) | H2: =F2-D2 | I2: =COUNTIF('Raw Data'!$B$2:$B$307,A2)
A3: 10307 | B3: =INDEX('Raw Data'!$D$2:$D$307,MATCH(A3,'Raw Data'!$B$2:$B$307,0)) | C3: =INDEX('Raw Data'!$C$2:$C$307,MATCH(A3,'Raw Data'!$B$2:$B$307,0)) | D3: =_xlfn.MINIFS('Raw Data'!$E$2:$E$307,'Raw Data'!$B$2:$B$307,A3) | E3: =INDEX('Raw Data'!$A$2:$A$307,MATCH(1,INDEX(('Raw Data'!$B$2:$B$307=A3)*('Raw Data'!$E$2:$E$307=D3),0),0)) | F3: =_xlfn.MAXIFS('Raw Data'!$E$2:$E$307,'Raw Data'!$B$2:$B$307,A3) | G3: =INDEX('Raw Data'!$A$2:$A$307,MATCH(1,INDEX(('Raw Data'!$B$2:$B$307=A3)*('Raw Data'!$E$2:$E$307=F3),0),0)) | H3: =F3-D3 | I3: =COUNTIF('Raw Data'!$B$2:$B$307,A3)
A4: 10315 | B4: =INDEX('Raw Data'!$D$2:$D$307,MATCH(A4,'Raw Data'!$B$2:$B$307,0)) | C4: =INDEX('Raw Data'!$C$2:$C$307,MATCH(A4,'Raw Data'!$B$2:$B$307,0)) | D4: =_xlfn.MINIFS('Raw Data'!$E$2:$E$307,'Raw Data'!$B$2:$B$307,A4) | E4: =INDEX('Raw Data'!$A$2:$A$307,MATCH(1,INDEX(('Raw Data'!$B$2:$B$307=A4)*('Raw Data'!$E$2:$E$307=D4),0),0)) | F4: =_xlfn.MAXIFS('Raw Data'!$E$2:$E$307,'Raw Data'!$B$2:$B$307,A4) | G4: =INDEX('Raw Data'!$A$2:$A$307,MATCH(1,INDEX(('Raw Data'!$B$2:$B$307=A4)*('Raw Data'!$E$2:$E$307=F4),0),0)) | H4: =F4-D4 | I4: =COUNTIF('Raw Data'!$B$2:$B$307,A4)
A5: 10328 | B5: =INDEX('Raw Data'!$D$2:$D$307,MATCH(A5,'Raw Data'!$B$2:$B$307,0)) | C5: =INDEX('Raw Data'!$C$2:$C$307,MATCH(A5,'Raw Data'!$B$2:$B$307,0)) | D5: =_xlfn.MINIFS('Raw Data'!$E$2:$E$307,'Raw Data'!$B$2:$B$307,A5) | E5: =INDEX('Raw Data'!$A$2:$A$307,MATCH(1,INDEX(('Raw Data'!$B$2:$B$307=A5)*('Raw Data'!$E$2:$E$307=D5),0),0)) | F5: =_xlfn.MAXIFS('Raw Data'!$E$2:$E$307,'Raw Data'!$B$2:$B$307,A5) | G5: =INDEX('Raw Data'!$A$2:$A$307,MATCH(1,INDEX(('Raw Data'!$B$2:$B$307=A5)*('Raw Data'!$E$2:$E$307=F5),0),0)) | H5: =F5-D5 | I5: =COUNTIF('Raw Data'!$B$2:$B$307,A5)
A6: 10331 | B6: =INDEX('Raw Data'!$D$2:$D$307,MATCH(A6,'Raw Data'!$B$2:$B$307,0)) | C6: =INDEX('Raw Data'!$C$2:$C$307,MATCH(A6,'Raw Data'!$B$2:$B$307,0)) | D6: =_xlfn.MINIFS('Raw Data'!$E$2:$E$307,'Raw Data'!$B$2:$B$307,A6) | E6: =INDEX('Raw Data'!$A$2:$A$307,MATCH(1,INDEX(('Raw Data'!$B$2:$B$307=A6)*('Raw Data'!$E$2:$E$307=D6),0),0)) | F6: =_xlfn.MAXIFS('Raw Data'!$E$2:$E$307,'Raw Data'!$B$2:$B$307,A6) | G6: =INDEX('Raw Data'!$A$2:$A$307,MATCH(1,INDEX(('Raw Data'!$B$2:$B$307=A6)*('Raw Data'!$E$2:$E$307=F6),0),0)) | H6: =F6-D6 | I6: =COUNTIF('Raw Data'!$B$2:$B$307,A6)
A7: 10333 | B7: =INDEX('Raw Data'!$D$2:$D$307,MATCH(A7,'Raw Data'!$B$2:$B$307,0)) | C7: =INDEX('Raw Data'!$C$2:$C$307,MATCH(A7,'Raw Data'!$B$2:$B$307,0)) | D7: =_xlfn.MINIFS('Raw Data'!$E$2:$E$307,'Raw Data'!$B$2:$B$307,A7) | E7: =INDEX('Raw Data'!$A$2:$A$307,MATCH(1,INDEX(('Raw Data'!$B$2:$B$307=A7)*('Raw Data'!$E$2:$E$307=D7),0),0)) | F7: =_xlfn.MAXIFS('Raw Data'!$E$2:$E$307,'Raw Data'!$B$2:$B$307,A7) | G7: =INDEX('Raw Data'!$A$2:$A$307,MATCH(1,INDEX(('Raw Data'!$B$2:$B$307=A7)*('Raw Data'!$E$2:$E$307=F7),0),0)) | H7: =F7-D7 | I7: =COUNTIF('Raw Data'!$B$2:$B$307,A7)
A8: 10335 | B8: =INDEX('Raw Data'!$D$2:$D$307,MATCH(A8,'Raw Data'!$B$2:$B$307,0)) | C8: =INDEX('Raw Data'!$C$2:$C$307,MATCH(A8,'Raw Data'!$B$2:$B$307,0)) | D8: =_xlfn.MINIFS('Raw Data'!$E$2:$E$307,'Raw Data'!$B$2:$B$307,A8) | E8: =INDEX('Raw Data'!$A$2:$A$307,MATCH(1,INDEX(('Raw Data'!$B$2:$B$307=A8)*('Raw Data'!$E$2:$E$307=D8),0),0)) | F8: =_xlfn.MAXIFS('Raw Data'!$E$2:$E$307,'Raw Data'!$B$2:$B$307,A8) | G8: =INDEX('Raw Data'!$A$2:$A$307,MATCH(1,INDEX(('Raw Data'!$B$2:$B$307=A8)*('Raw Data'!$E$2:$E$307=F8),0),0)) | H8: =F8-D8 | I8: =COUNTIF('Raw Data'!$B$2:$B$307,A8)
A9: 10337 | B9: =INDEX('Raw Data'!$D$2:$D$307,MATCH(A9,'Raw Data'!$B$2:$B$307,0)) | C9: =INDEX('Raw Data'!$C$2:$C$307,MATCH(A9,'Raw Data'!$B$2:$B$307,0)) | D9: =_xlfn.MINIFS('Raw Data'!$E$2:$E$307,'Raw Data'!$B$2:$B$307,A9) | E9: =INDEX('Raw Data'!$A$2:$A$307,MATCH(1,INDEX(('Raw Data'!$B$2:$B$307=A9)*('Raw Data'!$E$2:$E$307=D9),0),0)) | F9: =_xlfn.MAXIFS('Raw Data'!$E$2:$E$307,'Raw Data'!$B$2:$B$307,A9) | G9: =INDEX('Raw Data'!$A$2:$A$307,MATCH(1,INDEX(('Raw Data'!$B$2:$B$307=A9)*('Raw Data'!$E$2:$E$307=F9),0),0)) | H9: =F9-D9 | I9: =COUNTIF('Raw Data'!$B$2:$B$307,A9)
A10: 10352 | B10: =INDEX('Raw Data'!$D$2:$D$307,MATCH(A10,'Raw Data'!$B$2:$B$307,0)) | C10: =INDEX('Raw Data'!$C$2:$C$307,MATCH(A10,'Raw Data'!$B$2:$B$307,0)) | D10: =_xlfn.MINIFS('Raw Data'!$E$2:$E$307,'Raw Data'!$B$2:$B$307,A10) | E10: =INDEX('Raw Data'!$A$2:$A$307,MATCH(1,INDEX(('Raw Data'!$B$2:$B$307=A10)*('Raw Data'!$E$2:$E$307=D10),0),0)) | F10: =_xlfn.MAXIFS('Raw Data'!$E$2:$E$307,'Raw Data'!$B$2:$B$307,A10) | G10: =INDEX('Raw Data'!$A$2:$A$307,MATCH(1,INDEX(('Raw Data'!$B$2:$B$307=A10)*('Raw Data'!$E$2:$E$307=F10),0),0)) | H10: =F10-D10 | I10: =COUNTIF('Raw Data'!$B$2:$B$307,A10)
A11: 10356 | B11: =INDEX('Raw Data'!$D$2:$D$307,MATCH(A11,'Raw Data'!$B$2:$B$307,0)) | C11: =INDEX('Raw Data'!$C$2:$C$307,MATCH(A11,'Raw Data'!$B$2:$B$307,0)) | D11: =_xlfn.MINIFS('Raw Data'!$E$2:$E$307,'Raw Data'!$B$2:$B$307,A11) | E11: =INDEX('Raw Data'!$A$2:$A$307,MATCH(1,INDEX(('Raw Data'!$B$2:$B$307=A11)*('Raw Data'!$E$2:$E$307=D11),0),0)) | F11: =_xlfn.MAXIFS('Raw Data'!$E$2:$E$307,'Raw Data'!$B$2:$B$307,A11) | G11: =INDEX('Raw Data'!$A$2:$A$307,MATCH(1,INDEX(('Raw Data'!$B$2:$B$307=A11)*('Raw Data'!$E$2:$E$307=F11),0),0)) | H11: =F11-D11 | I11: =COUNTIF('Raw Data'!$B$2:$B$307,A11)
A12: 10360 | B12: =INDEX('Raw Data'!$D$2:$D$307,MATCH(A12,'Raw Data'!$B$2:$B$307,0)) | C12: =INDEX('Raw Data'!$C$2:$C$307,MATCH(A12,'Raw Data'!$B$2:$B$307,0)) | D12: =_xlfn.MINIFS('Raw Data'!$E$2:$E$307,'Raw Data'!$B$2:$B$307,A12) | E12: =INDEX('Raw Data'!$A$2:$A$307,MATCH(1,INDEX(('Raw Data'!$B$2:$B$307=A12)*('Raw Data'!$E$2:$E$307=D12),0),0)) | F12: =_xlfn.MAXIFS('Raw Data'!$E$2:$E$307,'Raw Data'!$B$2:$B$307,A12) | G12: =INDEX('Raw Data'!$A$2:$A$307,MATCH(1,INDEX(('Raw Data'!$B$2:$B$307=A12)*('Raw Data'!$E$2:$E$307=F12),0),0)) | H12: =F12-D12 | I12: =COUNTIF('Raw Data'!$B$2:$B$307,A12)
A13: 10362 | B13: =INDEX('Raw Data'!$D$2:$D$307,MATCH(A13,'Raw Data'!$B$2:$B$307,0)) | C13: =INDEX('Raw Data'!$C$2:$C$307,MATCH(A13,'Raw Data'!$B$2:$B$307,0)) | D13: =_xlfn.MINIFS('Raw Data'!$E$2:$E$307,'Raw Data'!$B$2:$B$307,A13) | E13: =INDEX('Raw Data'!$A$2:$A$307,MATCH(1,INDEX(('Raw Data'!$B$2:$B$307=A13)*('Raw Data'!$E$2:$E$307=D13),0),0)) | F13: =_xlfn.MAXIFS('Raw Data'!$E$2:$E$307,'Raw Data'!$B$2:$B$307,A13) | G13: =INDEX('Raw Data'!$A$2:$A$307,MATCH(1,INDEX(('Raw Data'!$B$2:$B$307=A13)*('Raw Data'!$E$2:$E$307=F13),0),0)) | H13: =F13-D13 | I13: =COUNTIF('Raw Data'!$B$2:$B$307,A13)
... A172: 5005236 | B172: =INDEX('Raw Data'!$D$2:$D$307,MATCH(A172,'Raw Data'!$B$2:$B$307,0)) | C172: =INDEX('Raw Data'!$C$2:$C$307,MATCH(A172,'Raw Data'!$B$2:$B$307,0)) | D172: =_xlfn.MINIFS('Raw Data'!$E$2:$E$307,'Raw Data'!$B$2:$B$307,A172) | E172: =INDEX('Raw Data'!$A$2:$A$307,MATCH(1,INDEX(('Raw Data'!$B$2:$B$307=A172)*('Raw Data'!$E$2:$E$307=D172),0),0)) | F172: =_xlfn.MAXIFS('Raw Data'!$E$2:$E$307,'Raw Data'!$B$2:$B$307,A172) | G172: =INDEX('Raw Data'!$A$2:$A$307,MATCH(1,INDEX(('Raw Data'!$B$2:$B$307=A172)*('Raw Data'!$E$2:$E$307=F172),0),0)) | H172: =F172-D172 | I172: =COUNTIF('Raw Data'!$B$2:$B$307,A172)
A174: Note: 1 row with a missing ProductID was excluded from this analysis. 48 exact duplicate rows (Brickmo) were also removed. Zavvi rows are included because their prices are converted to EUR in the scraper. See 'Raw Data' tab for the cleaned dataset.
